category;mpn;socks_size;ball_size;clothing_size;clothing_size;pant_size;pant_size;ean;locale;title;manufacturer;description;material_composition;content_volume;colour;colour;colour;shoe_size;list_price;picture;picture;picture;picture;picture;picture;
Shirts;200303002;;;XXS;;;;4051309251187;de-DE;Kempa CIRCLE Trikot, weiß, schwarz, XXS, 200303002;Kempa;- Shirt mit Raglanärmel<BR />- Gedrucktes und schnitttechnisches Design<BR />- Element in Drittfarbe am Kragen<BR />- Farbiger Kontrasteinsatz an der Hüfte<BR />- Gedruckter Kempa-Schriftzug im vorderen Schultereinsatz, am Ärmel und im Nacken<BR /><BR /><;100% Polyester;;weiß;schwarz;;;2799ct;http://78.35.40.76:1337/produktbilder_kempa/200303002_bv.jpg;http://78.35.40.76:1337/produktbilder_kempa/200303002_fv.jpg;http://78.35.40.76:1337/produktbilder_kempa/200303002_fv_1.jpg;http://78.35.40.76:1337/produktbilder_kempa/200303002_rv.jpg;http://78.35.40.76:1337/produktbilder_kempa/200303002_sv.jpg;http://78.35.40.76:1337/produktbilder_kempa/2003030021630_fv.jpg;
Shirts;200303002;;;XXS;XS;;;4051309251194;de-DE;Kempa CIRCLE Trikot, weiß, schwarz, XXS- XS, 200303002;Kempa;- Shirt mit Raglanärmel<BR />- Gedrucktes und schnitttechnisches Design<BR />- Element in Drittfarbe am Kragen<BR />- Farbiger Kontrasteinsatz an der Hüfte<BR />- Gedruckter Kempa-Schriftzug im vorderen Schultereinsatz, am Ärmel und im Nacken<BR /><BR /><;100% Polyester;;weiß;schwarz;;;2799ct;http://78.35.40.76:1337/produktbilder_kempa/200303002_bv.jpg;http://78.35.40.76:1337/produktbilder_kempa/200303002_fv.jpg;http://78.35.40.76:1337/produktbilder_kempa/200303002_fv_1.jpg;http://78.35.40.76:1337/produktbilder_kempa/200303002_rv.jpg;http://78.35.40.76:1337/produktbilder_kempa/200303002_sv.jpg;http://78.35.40.76:1337/produktbilder_kempa/2003030021630_fv.jpg;
Shirts;200303002;;;XS;;;;4051309251163;de-DE;Kempa CIRCLE Trikot, weiß, schwarz, XS, 200303002;Kempa;- Shirt mit Raglanärmel<BR />- Gedrucktes und schnitttechnisches Design<BR />- Element in Drittfarbe am Kragen<BR />- Farbiger Kontrasteinsatz an der Hüfte<BR />- Gedruckter Kempa-Schriftzug im vorderen Schultereinsatz, am Ärmel und im Nacken<BR /><BR /><;100% Polyester;;weiß;schwarz;;;2799ct;http://78.35.40.76:1337/produktbilder_kempa/200303002_bv.jpg;http://78.35.40.76:1337/produktbilder_kempa/200303002_fv.jpg;http://78.35.40.76:1337/produktbilder_kempa/200303002_fv_1.jpg;http://78.35.40.76:1337/produktbilder_kempa/200303002_rv.jpg;http://78.35.40.76:1337/produktbilder_kempa/200303002_sv.jpg;http://78.35.40.76:1337/produktbilder_kempa/2003030021630_fv.jpg;
Shirts;200303002;;;S;;;;4051309251149;de-DE;Kempa CIRCLE Trikot, weiß, schwarz, S, 200303002;Kempa;- Shirt mit Raglanärmel<BR />- Gedrucktes und schnitttechnisches Design<BR />- Element in Drittfarbe am Kragen<BR />- Farbiger Kontrasteinsatz an der Hüfte<BR />- Gedruckter Kempa-Schriftzug im vorderen Schultereinsatz, am Ärmel und im Nacken<BR /><BR /><;100% Polyester;;weiß;schwarz;;;2799ct;http://78.35.40.76:1337/produktbilder_kempa/200303002_bv.jpg;http://78.35.40.76:1337/produktbilder_kempa/200303002_fv.jpg;http://78.35.40.76:1337/produktbilder_kempa/200303002_fv_1.jpg;http://78.35.40.76:1337/produktbilder_kempa/200303002_rv.jpg;http://78.35.40.76:1337/produktbilder_kempa/200303002_sv.jpg;http://78.35.40.76:1337/produktbilder_kempa/2003030021630_fv.jpg;
Shirts;200303002;;;M;;;;4051309251132;de-DE;Kempa CIRCLE Trikot, weiß, schwarz, M, 200303002;Kempa;- Shirt mit Raglanärmel<BR />- Gedrucktes und schnitttechnisches Design<BR />- Element in Drittfarbe am Kragen<BR />- Farbiger Kontrasteinsatz an der Hüfte<BR />- Gedruckter Kempa-Schriftzug im vorderen Schultereinsatz, am Ärmel und im Nacken<BR /><BR /><;100% Polyester;;weiß;schwarz;;;3299ct;http://78.35.40.76:1337/produktbilder_kempa/200303002_bv.jpg;http://78.35.40.76:1337/produktbilder_kempa/200303002_fv.jpg;http://78.35.40.76:1337/produktbilder_kempa/200303002_fv_1.jpg;http://78.35.40.76:1337/produktbilder_kempa/200303002_rv.jpg;http://78.35.40.76:1337/produktbilder_kempa/200303002_sv.jpg;http://78.35.40.76:1337/produktbilder_kempa/2003030021630_fv.jpg;
Shirts;200303002;;;L;;;;4051309251125;de-DE;Kempa CIRCLE Trikot, weiß, schwarz, L, 200303002;Kempa;- Shirt mit Raglanärmel<BR />- Gedrucktes und schnitttechnisches Design<BR />- Element in Drittfarbe am Kragen<BR />- Farbiger Kontrasteinsatz an der Hüfte<BR />- Gedruckter Kempa-Schriftzug im vorderen Schultereinsatz, am Ärmel und im Nacken<BR /><BR /><;100% Polyester;;weiß;schwarz;;;3299ct;http://78.35.40.76:1337/produktbilder_kempa/200303002_bv.jpg;http://78.35.40.76:1337/produktbilder_kempa/200303002_fv.jpg;http://78.35.40.76:1337/produktbilder_kempa/200303002_fv_1.jpg;http://78.35.40.76:1337/produktbilder_kempa/200303002_rv.jpg;http://78.35.40.76:1337/produktbilder_kempa/200303002_sv.jpg;http://78.35.40.76:1337/produktbilder_kempa/2003030021630_fv.jpg;
Shirts;200303002;;;XL;;;;4051309251156;de-DE;Kempa CIRCLE Trikot, weiß, schwarz, XL, 200303002;Kempa;- Shirt mit Raglanärmel<BR />- Gedrucktes und schnitttechnisches Design<BR />- Element in Drittfarbe am Kragen<BR />- Farbiger Kontrasteinsatz an der Hüfte<BR />- Gedruckter Kempa-Schriftzug im vorderen Schultereinsatz, am Ärmel und im Nacken<BR /><BR /><;100% Polyester;;weiß;schwarz;;;3299ct;http://78.35.40.76:1337/produktbilder_kempa/200303002_bv.jpg;http://78.35.40.76:1337/produktbilder_kempa/200303002_fv.jpg;http://78.35.40.76:1337/produktbilder_kempa/200303002_fv_1.jpg;http://78.35.40.76:1337/produktbilder_kempa/200303002_rv.jpg;http://78.35.40.76:1337/produktbilder_kempa/200303002_sv.jpg;http://78.35.40.76:1337/produktbilder_kempa/2003030021630_fv.jpg;
Shirts;200303002;;;XXL;;;;4051309251170;de-DE;Kempa CIRCLE Trikot, weiß, schwarz, XXL, 200303002;Kempa;- Shirt mit Raglanärmel<BR />- Gedrucktes und schnitttechnisches Design<BR />- Element in Drittfarbe am Kragen<BR />- Farbiger Kontrasteinsatz an der Hüfte<BR />- Gedruckter Kempa-Schriftzug im vorderen Schultereinsatz, am Ärmel und im Nacken<BR /><BR /><;100% Polyester;;weiß;schwarz;;;3299ct;http://78.35.40.76:1337/produktbilder_kempa/200303002_bv.jpg;http://78.35.40.76:1337/produktbilder_kempa/200303002_fv.jpg;http://78.35.40.76:1337/produktbilder_kempa/200303002_fv_1.jpg;http://78.35.40.76:1337/produktbilder_kempa/200303002_rv.jpg;http://78.35.40.76:1337/produktbilder_kempa/200303002_sv.jpg;http://78.35.40.76:1337/produktbilder_kempa/2003030021630_fv.jpg;
Shirts;200303002;;;XXXL;;;;4051309251200;de-DE;Kempa CIRCLE Trikot, weiß, schwarz, XXXL, 200303002;Kempa;- Shirt mit Raglanärmel<BR />- Gedrucktes und schnitttechnisches Design<BR />- Element in Drittfarbe am Kragen<BR />- Farbiger Kontrasteinsatz an der Hüfte<BR />- Gedruckter Kempa-Schriftzug im vorderen Schultereinsatz, am Ärmel und im Nacken<BR /><BR /><;100% Polyester;;weiß;schwarz;;;3299ct;http://78.35.40.76:1337/produktbilder_kempa/200303002_bv.jpg;http://78.35.40.76:1337/produktbilder_kempa/200303002_fv.jpg;http://78.35.40.76:1337/produktbilder_kempa/200303002_fv_1.jpg;http://78.35.40.76:1337/produktbilder_kempa/200303002_rv.jpg;http://78.35.40.76:1337/produktbilder_kempa/200303002_sv.jpg;http://78.35.40.76:1337/produktbilder_kempa/2003030021630_fv.jpg;
Shirts;200303501;;;XS;;;;4051309336952;de-DE;Kempa CIRCLE Shirt Damen, kempa blau, schwarz, XS, 200303501;Kempa;- Shirt mit Raglanärmel<BR />- Gedrucktes und schnitttechnisches Design<BR />- Element in Drittfarbe am Kragen<BR />- Farbiger Kontrasteinsatz an der Hüfte<BR />- Gedruckter Kempa-Schriftzug im vorderen Schultereinsatz, am Ärmel und im Nacken<BR />- Fraue;100% Polyester;;kempa blau;schwarz;;;2799ct;http://78.35.40.76:1337/produktbilder_kempa/200303501_fv.jpg;http://78.35.40.76:1337/produktbilder_kempa/200303501_sv.jpg;http://78.35.40.76:1337/produktbilder_kempa/200303501_svleft.jpg;http://78.35.40.76:1337/produktbilder_kempa/200303501shorts_fv.jpg;http://78.35.40.76:1337/produktbilder_kempa/200303501shorts_rv.jpg;http://78.35.40.76:1337/produktbilder_kempa/200303501shorts_svleft.jpg;
Shirts;200303501;;;S;;;;4051309336938;de-DE;Kempa CIRCLE Shirt Damen, kempa blau, schwarz, S, 200303501;Kempa;- Shirt mit Raglanärmel<BR />- Gedrucktes und schnitttechnisches Design<BR />- Element in Drittfarbe am Kragen<BR />- Farbiger Kontrasteinsatz an der Hüfte<BR />- Gedruckter Kempa-Schriftzug im vorderen Schultereinsatz, am Ärmel und im Nacken<BR />- Fraue;100% Polyester;;kempa blau;schwarz;;;2799ct;http://78.35.40.76:1337/produktbilder_kempa/200303501_fv.jpg;http://78.35.40.76:1337/produktbilder_kempa/200303501_sv.jpg;http://78.35.40.76:1337/produktbilder_kempa/200303501_svleft.jpg;http://78.35.40.76:1337/produktbilder_kempa/200303501shorts_fv.jpg;http://78.35.40.76:1337/produktbilder_kempa/200303501shorts_rv.jpg;http://78.35.40.76:1337/produktbilder_kempa/200303501shorts_svleft.jpg;
Shirts;200303501;;;M;;;;4051309336921;de-DE;Kempa CIRCLE Shirt Damen, kempa blau, schwarz, M, 200303501;Kempa;- Shirt mit Raglanärmel<BR />- Gedrucktes und schnitttechnisches Design<BR />- Element in Drittfarbe am Kragen<BR />- Farbiger Kontrasteinsatz an der Hüfte<BR />- Gedruckter Kempa-Schriftzug im vorderen Schultereinsatz, am Ärmel und im Nacken<BR />- Fraue;100% Polyester;;kempa blau;schwarz;;;3299ct;http://78.35.40.76:1337/produktbilder_kempa/200303501_fv.jpg;http://78.35.40.76:1337/produktbilder_kempa/200303501_sv.jpg;http://78.35.40.76:1337/produktbilder_kempa/200303501_svleft.jpg;http://78.35.40.76:1337/produktbilder_kempa/200303501shorts_fv.jpg;http://78.35.40.76:1337/produktbilder_kempa/200303501shorts_rv.jpg;http://78.35.40.76:1337/produktbilder_kempa/200303501shorts_svleft.jpg;
Shirts;200303501;;;L;;;;4051309336914;de-DE;Kempa CIRCLE Shirt Damen, kempa blau, schwarz, L, 200303501;Kempa;- Shirt mit Raglanärmel<BR />- Gedrucktes und schnitttechnisches Design<BR />- Element in Drittfarbe am Kragen<BR />- Farbiger Kontrasteinsatz an der Hüfte<BR />- Gedruckter Kempa-Schriftzug im vorderen Schultereinsatz, am Ärmel und im Nacken<BR />- Fraue;100% Polyester;;kempa blau;schwarz;;;3299ct;http://78.35.40.76:1337/produktbilder_kempa/200303501_fv.jpg;http://78.35.40.76:1337/produktbilder_kempa/200303501_sv.jpg;http://78.35.40.76:1337/produktbilder_kempa/200303501_svleft.jpg;http://78.35.40.76:1337/produktbilder_kempa/200303501shorts_fv.jpg;http://78.35.40.76:1337/produktbilder_kempa/200303501shorts_rv.jpg;http://78.35.40.76:1337/produktbilder_kempa/200303501shorts_svleft.jpg;
Shirts;200303501;;;XL;;;;4051309336945;de-DE;Kempa CIRCLE Shirt Damen, kempa blau, schwarz, XL, 200303501;Kempa;- Shirt mit Raglanärmel<BR />- Gedrucktes und schnitttechnisches Design<BR />- Element in Drittfarbe am Kragen<BR />- Farbiger Kontrasteinsatz an der Hüfte<BR />- Gedruckter Kempa-Schriftzug im vorderen Schultereinsatz, am Ärmel und im Nacken<BR />- Fraue;100% Polyester;;kempa blau;schwarz;;;3299ct;http://78.35.40.76:1337/produktbilder_kempa/200303501_fv.jpg;http://78.35.40.76:1337/produktbilder_kempa/200303501_sv.jpg;http://78.35.40.76:1337/produktbilder_kempa/200303501_svleft.jpg;http://78.35.40.76:1337/produktbilder_kempa/200303501shorts_fv.jpg;http://78.35.40.76:1337/produktbilder_kempa/200303501shorts_rv.jpg;http://78.35.40.76:1337/produktbilder_kempa/200303501shorts_svleft.jpg;
Shirts;200303501;;;XXL;;;;4051309336969;de-DE;Kempa CIRCLE Shirt Damen, kempa blau, schwarz, XXL, 200303501;Kempa;- Shirt mit Raglanärmel<BR />- Gedrucktes und schnitttechnisches Design<BR />- Element in Drittfarbe am Kragen<BR />- Farbiger Kontrasteinsatz an der Hüfte<BR />- Gedruckter Kempa-Schriftzug im vorderen Schultereinsatz, am Ärmel und im Nacken<BR />- Fraue;100% Polyester;;kempa blau;schwarz;;;3299ct;http://78.35.40.76:1337/produktbilder_kempa/200303501_fv.jpg;http://78.35.40.76:1337/produktbilder_kempa/200303501_sv.jpg;http://78.35.40.76:1337/produktbilder_kempa/200303501_svleft.jpg;http://78.35.40.76:1337/produktbilder_kempa/200303501shorts_fv.jpg;http://78.35.40.76:1337/produktbilder_kempa/200303501shorts_rv.jpg;http://78.35.40.76:1337/produktbilder_kempa/200303501shorts_svleft.jpg;
Trikots;200319705;;;XXS;;;;4051309318866;de-DE;Kempa Kempa GOLD Trikot, weiß, gold, XXS, 200319705;Kempa;- Handballtrikot aus Minimesh<BR />- Asymetrischer Rippkragen mit Kontrastkante<BR />- Bedruckbar<BR />- Diagonaler Streifen aus Glanzsatin  auf der Brust<BR />- Kempa Druck auf der Brust und im Nacken<BR />- Kempa CI Label auf dem linken Ärmel<BR /><BR /;100% Polyester;;weiß;gold;;;1599ct;http://78.35.40.76:1337/produktbilder_kempa/200319705_bv.jpg;http://78.35.40.76:1337/produktbilder_kempa/200319705_fv.jpg;http://78.35.40.76:1337/produktbilder_kempa/200319705_rv.jpg;http://78.35.40.76:1337/produktbilder_kempa/200319705_sponsor_fv.jpg;http://78.35.40.76:1337/produktbilder_kempa/200319705_sponsor_rv.jpg;http://78.35.40.76:1337/produktbilder_kempa/200319705_sponsor_svleft.jpg;200319705_sv.jpg
Trikots;200319705;;;XXS;XS;;;4051309318873;de-DE;Kempa Kempa GOLD Trikot, weiß, gold, XXS- XS, 200319705;Kempa;- Handballtrikot aus Minimesh<BR />- Asymetrischer Rippkragen mit Kontrastkante<BR />- Bedruckbar<BR />- Diagonaler Streifen aus Glanzsatin  auf der Brust<BR />- Kempa Druck auf der Brust und im Nacken<BR />- Kempa CI Label auf dem linken Ärmel<BR /><BR /;100% Polyester;;weiß;gold;;;1599ct;http://78.35.40.76:1337/produktbilder_kempa/200319705_bv.jpg;http://78.35.40.76:1337/produktbilder_kempa/200319705_fv.jpg;http://78.35.40.76:1337/produktbilder_kempa/200319705_rv.jpg;http://78.35.40.76:1337/produktbilder_kempa/200319705_sponsor_fv.jpg;http://78.35.40.76:1337/produktbilder_kempa/200319705_sponsor_rv.jpg;http://78.35.40.76:1337/produktbilder_kempa/200319705_sponsor_svleft.jpg;200319705_sv.jpg
Trikots;200319705;;;XS;;;;4051309318842;de-DE;Kempa Kempa GOLD Trikot, weiß, gold, XS, 200319705;Kempa;- Handballtrikot aus Minimesh<BR />- Asymetrischer Rippkragen mit Kontrastkante<BR />- Bedruckbar<BR />- Diagonaler Streifen aus Glanzsatin  auf der Brust<BR />- Kempa Druck auf der Brust und im Nacken<BR />- Kempa CI Label auf dem linken Ärmel<BR /><BR /;100% Polyester;;weiß;gold;;;1599ct;http://78.35.40.76:1337/produktbilder_kempa/200319705_bv.jpg;http://78.35.40.76:1337/produktbilder_kempa/200319705_fv.jpg;http://78.35.40.76:1337/produktbilder_kempa/200319705_rv.jpg;http://78.35.40.76:1337/produktbilder_kempa/200319705_sponsor_fv.jpg;http://78.35.40.76:1337/produktbilder_kempa/200319705_sponsor_rv.jpg;http://78.35.40.76:1337/produktbilder_kempa/200319705_sponsor_svleft.jpg;200319705_sv.jpg
Trikots;200319705;;;S;;;;4051309318828;de-DE;Kempa Kempa GOLD Trikot, weiß, gold, S, 200319705;Kempa;- Handballtrikot aus Minimesh<BR />- Asymetrischer Rippkragen mit Kontrastkante<BR />- Bedruckbar<BR />- Diagonaler Streifen aus Glanzsatin  auf der Brust<BR />- Kempa Druck auf der Brust und im Nacken<BR />- Kempa CI Label auf dem linken Ärmel<BR /><BR /;100% Polyester;;weiß;gold;;;1599ct;http://78.35.40.76:1337/produktbilder_kempa/200319705_bv.jpg;http://78.35.40.76:1337/produktbilder_kempa/200319705_fv.jpg;http://78.35.40.76:1337/produktbilder_kempa/200319705_rv.jpg;http://78.35.40.76:1337/produktbilder_kempa/200319705_sponsor_fv.jpg;http://78.35.40.76:1337/produktbilder_kempa/200319705_sponsor_rv.jpg;http://78.35.40.76:1337/produktbilder_kempa/200319705_sponsor_svleft.jpg;200319705_sv.jpg
Trikots;200319705;;;M;;;;4051309318811;de-DE;Kempa Kempa GOLD Trikot, weiß, gold, M, 200319705;Kempa;- Handballtrikot aus Minimesh<BR />- Asymetrischer Rippkragen mit Kontrastkante<BR />- Bedruckbar<BR />- Diagonaler Streifen aus Glanzsatin  auf der Brust<BR />- Kempa Druck auf der Brust und im Nacken<BR />- Kempa CI Label auf dem linken Ärmel<BR /><BR /;100% Polyester;;weiß;gold;;;1999ct;http://78.35.40.76:1337/produktbilder_kempa/200319705_bv.jpg;http://78.35.40.76:1337/produktbilder_kempa/200319705_fv.jpg;http://78.35.40.76:1337/produktbilder_kempa/200319705_rv.jpg;http://78.35.40.76:1337/produktbilder_kempa/200319705_sponsor_fv.jpg;http://78.35.40.76:1337/produktbilder_kempa/200319705_sponsor_rv.jpg;http://78.35.40.76:1337/produktbilder_kempa/200319705_sponsor_svleft.jpg;200319705_sv.jpg
Trikots;200319705;;;L;;;;4051309318804;de-DE;Kempa Kempa GOLD Trikot, weiß, gold, L, 200319705;Kempa;- Handballtrikot aus Minimesh<BR />- Asymetrischer Rippkragen mit Kontrastkante<BR />- Bedruckbar<BR />- Diagonaler Streifen aus Glanzsatin  auf der Brust<BR />- Kempa Druck auf der Brust und im Nacken<BR />- Kempa CI Label auf dem linken Ärmel<BR /><BR /;100% Polyester;;weiß;gold;;;1999ct;http://78.35.40.76:1337/produktbilder_kempa/200319705_bv.jpg;http://78.35.40.76:1337/produktbilder_kempa/200319705_fv.jpg;http://78.35.40.76:1337/produktbilder_kempa/200319705_rv.jpg;http://78.35.40.76:1337/produktbilder_kempa/200319705_sponsor_fv.jpg;http://78.35.40.76:1337/produktbilder_kempa/200319705_sponsor_rv.jpg;http://78.35.40.76:1337/produktbilder_kempa/200319705_sponsor_svleft.jpg;200319705_sv.jpg
Trikots;200319705;;;XL;;;;4051309318835;de-DE;Kempa Kempa GOLD Trikot, weiß, gold, XL, 200319705;Kempa;- Handballtrikot aus Minimesh<BR />- Asymetrischer Rippkragen mit Kontrastkante<BR />- Bedruckbar<BR />- Diagonaler Streifen aus Glanzsatin  auf der Brust<BR />- Kempa Druck auf der Brust und im Nacken<BR />- Kempa CI Label auf dem linken Ärmel<BR /><BR /;100% Polyester;;weiß;gold;;;1999ct;http://78.35.40.76:1337/produktbilder_kempa/200319705_bv.jpg;http://78.35.40.76:1337/produktbilder_kempa/200319705_fv.jpg;http://78.35.40.76:1337/produktbilder_kempa/200319705_rv.jpg;http://78.35.40.76:1337/produktbilder_kempa/200319705_sponsor_fv.jpg;http://78.35.40.76:1337/produktbilder_kempa/200319705_sponsor_rv.jpg;http://78.35.40.76:1337/produktbilder_kempa/200319705_sponsor_svleft.jpg;200319705_sv.jpg
Trikots;200319705;;;XXL;;;;4051309318859;de-DE;Kempa Kempa GOLD Trikot, weiß, gold, XXL, 200319705;Kempa;- Handballtrikot aus Minimesh<BR />- Asymetrischer Rippkragen mit Kontrastkante<BR />- Bedruckbar<BR />- Diagonaler Streifen aus Glanzsatin  auf der Brust<BR />- Kempa Druck auf der Brust und im Nacken<BR />- Kempa CI Label auf dem linken Ärmel<BR /><BR /;100% Polyester;;weiß;gold;;;1999ct;http://78.35.40.76:1337/produktbilder_kempa/200319705_bv.jpg;http://78.35.40.76:1337/produktbilder_kempa/200319705_fv.jpg;http://78.35.40.76:1337/produktbilder_kempa/200319705_rv.jpg;http://78.35.40.76:1337/produktbilder_kempa/200319705_sponsor_fv.jpg;http://78.35.40.76:1337/produktbilder_kempa/200319705_sponsor_rv.jpg;http://78.35.40.76:1337/produktbilder_kempa/200319705_sponsor_svleft.jpg;200319705_sv.jpg
Trikots;200319705;;;XXXL;;;;4051309318880;de-DE;Kempa Kempa GOLD Trikot, weiß, gold, XXXL, 200319705;Kempa;- Handballtrikot aus Minimesh<BR />- Asymetrischer Rippkragen mit Kontrastkante<BR />- Bedruckbar<BR />- Diagonaler Streifen aus Glanzsatin  auf der Brust<BR />- Kempa Druck auf der Brust und im Nacken<BR />- Kempa CI Label auf dem linken Ärmel<BR /><BR /;100% Polyester;;weiß;gold;;;1999ct;http://78.35.40.76:1337/produktbilder_kempa/200319705_bv.jpg;http://78.35.40.76:1337/produktbilder_kempa/200319705_fv.jpg;http://78.35.40.76:1337/produktbilder_kempa/200319705_rv.jpg;http://78.35.40.76:1337/produktbilder_kempa/200319705_sponsor_fv.jpg;http://78.35.40.76:1337/produktbilder_kempa/200319705_sponsor_rv.jpg;http://78.35.40.76:1337/produktbilder_kempa/200319705_sponsor_svleft.jpg;200319705_sv.jpg
Trikots;200319905;;;XS;;;;4051309319269;de-DE;Kempa Kempa GOLD Trikot Damen, weiß, gold, XS, 200319905;Kempa;- Handballtrikot aus Minimesh<BR />- Frauenschnitt<BR />- Asymetrischer Rippkragen mit Kontrastkante<BR />- Bedruckbar<BR />- Diagonaler Streifen aus Glanzsatin  auf der Brust<BR />- Kempa Druck auf der Brust und im Nacken<BR />- Kempa CI Label auf dem li;100% Polyester;;weiß;gold;;;1599ct;http://78.35.40.76:1337/produktbilder_kempa/200319905_bv.jpg;http://78.35.40.76:1337/produktbilder_kempa/200319905_fv.jpg;http://78.35.40.76:1337/produktbilder_kempa/200319905_rv.jpg;http://78.35.40.76:1337/produktbilder_kempa/200319905_sponsor_fv.jpg;http://78.35.40.76:1337/produktbilder_kempa/200319905_sponsor_rv.jpg;http://78.35.40.76:1337/produktbilder_kempa/200319905_sponsor_sv.jpg;200319905_sv.jpg
Trikots;200319905;;;S;;;;4051309319245;de-DE;Kempa Kempa GOLD Trikot Damen, weiß, gold, S, 200319905;Kempa;- Handballtrikot aus Minimesh<BR />- Frauenschnitt<BR />- Asymetrischer Rippkragen mit Kontrastkante<BR />- Bedruckbar<BR />- Diagonaler Streifen aus Glanzsatin  auf der Brust<BR />- Kempa Druck auf der Brust und im Nacken<BR />- Kempa CI Label auf dem li;100% Polyester;;weiß;gold;;;1599ct;http://78.35.40.76:1337/produktbilder_kempa/200319905_bv.jpg;http://78.35.40.76:1337/produktbilder_kempa/200319905_fv.jpg;http://78.35.40.76:1337/produktbilder_kempa/200319905_rv.jpg;http://78.35.40.76:1337/produktbilder_kempa/200319905_sponsor_fv.jpg;http://78.35.40.76:1337/produktbilder_kempa/200319905_sponsor_rv.jpg;http://78.35.40.76:1337/produktbilder_kempa/200319905_sponsor_sv.jpg;200319905_sv.jpg
Trikots;200319905;;;M;;;;4051309319238;de-DE;Kempa Kempa GOLD Trikot Damen, weiß, gold, M, 200319905;Kempa;- Handballtrikot aus Minimesh<BR />- Frauenschnitt<BR />- Asymetrischer Rippkragen mit Kontrastkante<BR />- Bedruckbar<BR />- Diagonaler Streifen aus Glanzsatin  auf der Brust<BR />- Kempa Druck auf der Brust und im Nacken<BR />- Kempa CI Label auf dem li;100% Polyester;;weiß;gold;;;1999ct;http://78.35.40.76:1337/produktbilder_kempa/200319905_bv.jpg;http://78.35.40.76:1337/produktbilder_kempa/200319905_fv.jpg;http://78.35.40.76:1337/produktbilder_kempa/200319905_rv.jpg;http://78.35.40.76:1337/produktbilder_kempa/200319905_sponsor_fv.jpg;http://78.35.40.76:1337/produktbilder_kempa/200319905_sponsor_rv.jpg;http://78.35.40.76:1337/produktbilder_kempa/200319905_sponsor_sv.jpg;200319905_sv.jpg
Trikots;200319905;;;L;;;;4051309319221;de-DE;Kempa Kempa GOLD Trikot Damen, weiß, gold, L, 200319905;Kempa;- Handballtrikot aus Minimesh<BR />- Frauenschnitt<BR />- Asymetrischer Rippkragen mit Kontrastkante<BR />- Bedruckbar<BR />- Diagonaler Streifen aus Glanzsatin  auf der Brust<BR />- Kempa Druck auf der Brust und im Nacken<BR />- Kempa CI Label auf dem li;100% Polyester;;weiß;gold;;;1999ct;http://78.35.40.76:1337/produktbilder_kempa/200319905_bv.jpg;http://78.35.40.76:1337/produktbilder_kempa/200319905_fv.jpg;http://78.35.40.76:1337/produktbilder_kempa/200319905_rv.jpg;http://78.35.40.76:1337/produktbilder_kempa/200319905_sponsor_fv.jpg;http://78.35.40.76:1337/produktbilder_kempa/200319905_sponsor_rv.jpg;http://78.35.40.76:1337/produktbilder_kempa/200319905_sponsor_sv.jpg;200319905_sv.jpg
Trikots;200319905;;;XL;;;;4051309319252;de-DE;Kempa Kempa GOLD Trikot Damen, weiß, gold, XL, 200319905;Kempa;- Handballtrikot aus Minimesh<BR />- Frauenschnitt<BR />- Asymetrischer Rippkragen mit Kontrastkante<BR />- Bedruckbar<BR />- Diagonaler Streifen aus Glanzsatin  auf der Brust<BR />- Kempa Druck auf der Brust und im Nacken<BR />- Kempa CI Label auf dem li;100% Polyester;;weiß;gold;;;1999ct;http://78.35.40.76:1337/produktbilder_kempa/200319905_bv.jpg;http://78.35.40.76:1337/produktbilder_kempa/200319905_fv.jpg;http://78.35.40.76:1337/produktbilder_kempa/200319905_rv.jpg;http://78.35.40.76:1337/produktbilder_kempa/200319905_sponsor_fv.jpg;http://78.35.40.76:1337/produktbilder_kempa/200319905_sponsor_rv.jpg;http://78.35.40.76:1337/produktbilder_kempa/200319905_sponsor_sv.jpg;200319905_sv.jpg
Trikots;200319905;;;XXL;;;;4051309319276;de-DE;Kempa Kempa GOLD Trikot Damen, weiß, gold, XXL, 200319905;Kempa;- Handballtrikot aus Minimesh<BR />- Frauenschnitt<BR />- Asymetrischer Rippkragen mit Kontrastkante<BR />- Bedruckbar<BR />- Diagonaler Streifen aus Glanzsatin  auf der Brust<BR />- Kempa Druck auf der Brust und im Nacken<BR />- Kempa CI Label auf dem li;100% Polyester;;weiß;gold;;;1999ct;http://78.35.40.76:1337/produktbilder_kempa/200319905_bv.jpg;http://78.35.40.76:1337/produktbilder_kempa/200319905_fv.jpg;http://78.35.40.76:1337/produktbilder_kempa/200319905_rv.jpg;http://78.35.40.76:1337/produktbilder_kempa/200319905_sponsor_fv.jpg;http://78.35.40.76:1337/produktbilder_kempa/200319905_sponsor_rv.jpg;http://78.35.40.76:1337/produktbilder_kempa/200319905_sponsor_sv.jpg;200319905_sv.jpg
Sportsocken;200353601;41-45;;;;;;4045642204009;de-DE;Kempa Team Classic Socke (3 Paar), weiß, schwarz, 41-45, , 200353601;Kempa;Socke mit gepolsterter Lauffläche und Flexzonen<BR />- Kempa-Schriftzug am Bund<BR />- Verpackungseinheit 3 Paar<BR /><BR /><BR />MATERIAL:<BR />75% Baumwolle, 24% Polyamid, 1% Elasthan;75% Baumwolle, 24% Polyamid, 1% Elasthan;;weiß;schwarz;;;1299ct;http://78.35.40.76:1337/produktbilder_kempa/200353601_fv (2).jpg;http://78.35.40.76:1337/produktbilder_kempa/200353601_fv.jpg;http://78.35.40.76:1337/produktbilder_kempa/200353601_sv.eps;http://78.35.40.76:1337/produktbilder_kempa/200353601_sv.jpg;http://78.35.40.76:1337/produktbilder_kempa/200353601_sv_1.eps;http://78.35.40.76:1337/produktbilder_kempa/200353601_svleft.jpg;
Sportjacken;200505001;;;XXS;;;;4051309252801;de-DE;Kempa CIRCLE Präsentationsjacke, kempablau, schwarz, XXS, 200505001;Kempa;- Webjacke mit Raglanärmeln<BR />- Gedrucktes und schnitttechnisches Design<BR />- Element in Drittfarbe am Kragen<BR />- Reißverschlusstaschen<BR />- Schmale, elastische Armbündchen<BR />- Komplettes Meshfutter und Taffetta in den Ärmeln<BR />- Reißversc;100% Polyester;;kempablau;schwarz;;;4799ct;http://78.35.40.76:1337/produktbilder_kempa/200505001_fv.jpg;http://78.35.40.76:1337/produktbilder_kempa/200505001_rv.jpg;http://78.35.40.76:1337/produktbilder_kempa/200505001_sv.jpg;http://78.35.40.76:1337/produktbilder_kempa/200505001163_fv.jpg;http://78.35.40.76:1337/produktbilder_kempa/200505001163_rv.jpg;http://78.35.40.76:1337/produktbilder_kempa/2005050011630_fv.jpg;2005050011630_rv.jpg
Sportjacken;200505001;;;XXS;XS;;;4051309252818;de-DE;Kempa CIRCLE Präsentationsjacke, kempablau, schwarz, XXS- XS, 200505001;Kempa;- Webjacke mit Raglanärmeln<BR />- Gedrucktes und schnitttechnisches Design<BR />- Element in Drittfarbe am Kragen<BR />- Reißverschlusstaschen<BR />- Schmale, elastische Armbündchen<BR />- Komplettes Meshfutter und Taffetta in den Ärmeln<BR />- Reißversc;100% Polyester;;kempablau;schwarz;;;4799ct;http://78.35.40.76:1337/produktbilder_kempa/200505001_fv.jpg;http://78.35.40.76:1337/produktbilder_kempa/200505001_rv.jpg;http://78.35.40.76:1337/produktbilder_kempa/200505001_sv.jpg;http://78.35.40.76:1337/produktbilder_kempa/200505001163_fv.jpg;http://78.35.40.76:1337/produktbilder_kempa/200505001163_rv.jpg;http://78.35.40.76:1337/produktbilder_kempa/2005050011630_fv.jpg;2005050011630_rv.jpg
Sportjacken;200505001;;;XS;;;;4051309252788;de-DE;Kempa CIRCLE Präsentationsjacke, kempablau, schwarz, XS, 200505001;Kempa;- Webjacke mit Raglanärmeln<BR />- Gedrucktes und schnitttechnisches Design<BR />- Element in Drittfarbe am Kragen<BR />- Reißverschlusstaschen<BR />- Schmale, elastische Armbündchen<BR />- Komplettes Meshfutter und Taffetta in den Ärmeln<BR />- Reißversc;100% Polyester;;kempablau;schwarz;;;4799ct;http://78.35.40.76:1337/produktbilder_kempa/200505001_fv.jpg;http://78.35.40.76:1337/produktbilder_kempa/200505001_rv.jpg;http://78.35.40.76:1337/produktbilder_kempa/200505001_sv.jpg;http://78.35.40.76:1337/produktbilder_kempa/200505001163_fv.jpg;http://78.35.40.76:1337/produktbilder_kempa/200505001163_rv.jpg;http://78.35.40.76:1337/produktbilder_kempa/2005050011630_fv.jpg;2005050011630_rv.jpg
Sportjacken;200505001;;;S;;;;4051309252764;de-DE;Kempa CIRCLE Präsentationsjacke, kempablau, schwarz, S, 200505001;Kempa;- Webjacke mit Raglanärmeln<BR />- Gedrucktes und schnitttechnisches Design<BR />- Element in Drittfarbe am Kragen<BR />- Reißverschlusstaschen<BR />- Schmale, elastische Armbündchen<BR />- Komplettes Meshfutter und Taffetta in den Ärmeln<BR />- Reißversc;100% Polyester;;kempablau;schwarz;;;4799ct;http://78.35.40.76:1337/produktbilder_kempa/200505001_fv.jpg;http://78.35.40.76:1337/produktbilder_kempa/200505001_rv.jpg;http://78.35.40.76:1337/produktbilder_kempa/200505001_sv.jpg;http://78.35.40.76:1337/produktbilder_kempa/200505001163_fv.jpg;http://78.35.40.76:1337/produktbilder_kempa/200505001163_rv.jpg;http://78.35.40.76:1337/produktbilder_kempa/2005050011630_fv.jpg;2005050011630_rv.jpg
Sportjacken;200505001;;;M;;;;4051309252757;de-DE;Kempa CIRCLE Präsentationsjacke, kempablau, schwarz, M, 200505001;Kempa;- Webjacke mit Raglanärmeln<BR />- Gedrucktes und schnitttechnisches Design<BR />- Element in Drittfarbe am Kragen<BR />- Reißverschlusstaschen<BR />- Schmale, elastische Armbündchen<BR />- Komplettes Meshfutter und Taffetta in den Ärmeln<BR />- Reißversc;100% Polyester;;kempablau;schwarz;;;5299ct;http://78.35.40.76:1337/produktbilder_kempa/200505001_fv.jpg;http://78.35.40.76:1337/produktbilder_kempa/200505001_rv.jpg;http://78.35.40.76:1337/produktbilder_kempa/200505001_sv.jpg;http://78.35.40.76:1337/produktbilder_kempa/200505001163_fv.jpg;http://78.35.40.76:1337/produktbilder_kempa/200505001163_rv.jpg;http://78.35.40.76:1337/produktbilder_kempa/2005050011630_fv.jpg;2005050011630_rv.jpg
Sportjacken;200505001;;;L;;;;4051309252740;de-DE;Kempa CIRCLE Präsentationsjacke, kempablau, schwarz, L, 200505001;Kempa;- Webjacke mit Raglanärmeln<BR />- Gedrucktes und schnitttechnisches Design<BR />- Element in Drittfarbe am Kragen<BR />- Reißverschlusstaschen<BR />- Schmale, elastische Armbündchen<BR />- Komplettes Meshfutter und Taffetta in den Ärmeln<BR />- Reißversc;100% Polyester;;kempablau;schwarz;;;5299ct;http://78.35.40.76:1337/produktbilder_kempa/200505001_fv.jpg;http://78.35.40.76:1337/produktbilder_kempa/200505001_rv.jpg;http://78.35.40.76:1337/produktbilder_kempa/200505001_sv.jpg;http://78.35.40.76:1337/produktbilder_kempa/200505001163_fv.jpg;http://78.35.40.76:1337/produktbilder_kempa/200505001163_rv.jpg;http://78.35.40.76:1337/produktbilder_kempa/2005050011630_fv.jpg;2005050011630_rv.jpg
Sportjacken;200505001;;;XL;;;;4051309252771;de-DE;Kempa CIRCLE Präsentationsjacke, kempablau, schwarz, XL, 200505001;Kempa;- Webjacke mit Raglanärmeln<BR />- Gedrucktes und schnitttechnisches Design<BR />- Element in Drittfarbe am Kragen<BR />- Reißverschlusstaschen<BR />- Schmale, elastische Armbündchen<BR />- Komplettes Meshfutter und Taffetta in den Ärmeln<BR />- Reißversc;100% Polyester;;kempablau;schwarz;;;5299ct;http://78.35.40.76:1337/produktbilder_kempa/200505001_fv.jpg;http://78.35.40.76:1337/produktbilder_kempa/200505001_rv.jpg;http://78.35.40.76:1337/produktbilder_kempa/200505001_sv.jpg;http://78.35.40.76:1337/produktbilder_kempa/200505001163_fv.jpg;http://78.35.40.76:1337/produktbilder_kempa/200505001163_rv.jpg;http://78.35.40.76:1337/produktbilder_kempa/2005050011630_fv.jpg;2005050011630_rv.jpg
Sportjacken;200505001;;;XXL;;;;4051309252795;de-DE;Kempa CIRCLE Präsentationsjacke, kempablau, schwarz, XXL, 200505001;Kempa;- Webjacke mit Raglanärmeln<BR />- Gedrucktes und schnitttechnisches Design<BR />- Element in Drittfarbe am Kragen<BR />- Reißverschlusstaschen<BR />- Schmale, elastische Armbündchen<BR />- Komplettes Meshfutter und Taffetta in den Ärmeln<BR />- Reißversc;100% Polyester;;kempablau;schwarz;;;5299ct;http://78.35.40.76:1337/produktbilder_kempa/200505001_fv.jpg;http://78.35.40.76:1337/produktbilder_kempa/200505001_rv.jpg;http://78.35.40.76:1337/produktbilder_kempa/200505001_sv.jpg;http://78.35.40.76:1337/produktbilder_kempa/200505001163_fv.jpg;http://78.35.40.76:1337/produktbilder_kempa/200505001163_rv.jpg;http://78.35.40.76:1337/produktbilder_kempa/2005050011630_fv.jpg;2005050011630_rv.jpg
Sportjacken;200505001;;;XXXL;;;;4051309252825;de-DE;Kempa CIRCLE Präsentationsjacke, kempablau, schwarz, XXXL, 200505001;Kempa;- Webjacke mit Raglanärmeln<BR />- Gedrucktes und schnitttechnisches Design<BR />- Element in Drittfarbe am Kragen<BR />- Reißverschlusstaschen<BR />- Schmale, elastische Armbündchen<BR />- Komplettes Meshfutter und Taffetta in den Ärmeln<BR />- Reißversc;100% Polyester;;kempablau;schwarz;;;5299ct;http://78.35.40.76:1337/produktbilder_kempa/200505001_fv.jpg;http://78.35.40.76:1337/produktbilder_kempa/200505001_rv.jpg;http://78.35.40.76:1337/produktbilder_kempa/200505001_sv.jpg;http://78.35.40.76:1337/produktbilder_kempa/200505001163_fv.jpg;;http://78.35.40.76:1337/produktbilder_kempa/2005050011630_fv.jpg;2005050011630_rv.jpg
Trikots;200319801;;;XXS;;;;4051309319405;de-DE;Kempa Kempa GOLD Shorts, schwarz, XXS, 200319801;Kempa;- Handballshorts ohne Innenslip aus Minimesh<BR />- Verstellbarer, elastischer Taillenbund mit Kordel<BR />- Diagonaler Streifen aus Glanzsatin vorne<BR />- Kempa Druck<BR /><BR /><BR />Material:<BR />100% Polyester;100% Polyester;;schwarz;;;;1299ct;http://78.35.40.76:1337/produktbilder_kempa/200319801_dv.jpg;http://78.35.40.76:1337/produktbilder_kempa/200319801_fv.jpg;http://78.35.40.76:1337/produktbilder_kempa/200319801_rv.jpg;http://78.35.40.76:1337/produktbilder_kempa/200319801_sv.jpg;http://78.35.40.76:1337/produktbilder_kempa/200319801_svleft.jpg;http://78.35.40.76:1337/produktbilder_kempa/;
Trikots;200319801;;;XXS;XS;;;4051309319412;de-DE;Kempa Kempa GOLD Shorts, schwarz, XXS- XS, 200319801;Kempa;- Handballshorts ohne Innenslip aus Minimesh<BR />- Verstellbarer, elastischer Taillenbund mit Kordel<BR />- Diagonaler Streifen aus Glanzsatin vorne<BR />- Kempa Druck<BR /><BR /><BR />Material:<BR />100% Polyester;100% Polyester;;schwarz;;;;1299ct;http://78.35.40.76:1337/produktbilder_kempa/200319801_dv.jpg;http://78.35.40.76:1337/produktbilder_kempa/200319801_fv.jpg;http://78.35.40.76:1337/produktbilder_kempa/200319801_rv.jpg;http://78.35.40.76:1337/produktbilder_kempa/200319801_sv.jpg;http://78.35.40.76:1337/produktbilder_kempa/200319801_svleft.jpg;http://78.35.40.76:1337/produktbilder_kempa/;
Shorts;200319801;;;;;XS;;4051309319382;de-DE;Kempa Kempa GOLD Shorts, schwarz, XS, 200319801;Kempa;- Handballshorts ohne Innenslip aus Minimesh<BR />- Verstellbarer, elastischer Taillenbund mit Kordel<BR />- Diagonaler Streifen aus Glanzsatin vorne<BR />- Kempa Druck<BR /><BR /><BR />Material:<BR />100% Polyester;100% Polyester;;schwarz;;;;1299ct;http://78.35.40.76:1337/produktbilder_kempa/200319801_dv.jpg;http://78.35.40.76:1337/produktbilder_kempa/200319801_fv.jpg;http://78.35.40.76:1337/produktbilder_kempa/200319801_rv.jpg;http://78.35.40.76:1337/produktbilder_kempa/200319801_sv.jpg;http://78.35.40.76:1337/produktbilder_kempa/200319801_svleft.jpg;http://78.35.40.76:1337/produktbilder_kempa/;
Shorts;200319801;;;;;S;;4051309319368;de-DE;Kempa Kempa GOLD Shorts, schwarz, S, 200319801;Kempa;- Handballshorts ohne Innenslip aus Minimesh<BR />- Verstellbarer, elastischer Taillenbund mit Kordel<BR />- Diagonaler Streifen aus Glanzsatin vorne<BR />- Kempa Druck<BR /><BR /><BR />Material:<BR />100% Polyester;100% Polyester;;schwarz;;;;1299ct;http://78.35.40.76:1337/produktbilder_kempa/200319801_dv.jpg;http://78.35.40.76:1337/produktbilder_kempa/200319801_fv.jpg;http://78.35.40.76:1337/produktbilder_kempa/200319801_rv.jpg;http://78.35.40.76:1337/produktbilder_kempa/200319801_sv.jpg;http://78.35.40.76:1337/produktbilder_kempa/200319801_svleft.jpg;http://78.35.40.76:1337/produktbilder_kempa/;
Shorts;200319801;;;;;M;;4051309319351;de-DE;Kempa Kempa GOLD Shorts, schwarz, M, 200319801;Kempa;- Handballshorts ohne Innenslip aus Minimesh<BR />- Verstellbarer, elastischer Taillenbund mit Kordel<BR />- Diagonaler Streifen aus Glanzsatin vorne<BR />- Kempa Druck<BR /><BR /><BR />Material:<BR />100% Polyester;100% Polyester;;schwarz;;;;1499ct;http://78.35.40.76:1337/produktbilder_kempa/200319801_dv.jpg;http://78.35.40.76:1337/produktbilder_kempa/200319801_fv.jpg;http://78.35.40.76:1337/produktbilder_kempa/200319801_rv.jpg;http://78.35.40.76:1337/produktbilder_kempa/200319801_sv.jpg;http://78.35.40.76:1337/produktbilder_kempa/200319801_svleft.jpg;http://78.35.40.76:1337/produktbilder_kempa/;
Shorts;200319801;;;;;L;;4051309319344;de-DE;Kempa Kempa GOLD Shorts, schwarz, L, 200319801;Kempa;- Handballshorts ohne Innenslip aus Minimesh<BR />- Verstellbarer, elastischer Taillenbund mit Kordel<BR />- Diagonaler Streifen aus Glanzsatin vorne<BR />- Kempa Druck<BR /><BR /><BR />Material:<BR />100% Polyester;100% Polyester;;schwarz;;;;1499ct;http://78.35.40.76:1337/produktbilder_kempa/200319801_dv.jpg;http://78.35.40.76:1337/produktbilder_kempa/200319801_fv.jpg;http://78.35.40.76:1337/produktbilder_kempa/200319801_rv.jpg;http://78.35.40.76:1337/produktbilder_kempa/200319801_sv.jpg;http://78.35.40.76:1337/produktbilder_kempa/200319801_svleft.jpg;http://78.35.40.76:1337/produktbilder_kempa/;
Shorts;200319801;;;;;XL;;4051309319375;de-DE;Kempa Kempa GOLD Shorts, schwarz, XL, 200319801;Kempa;- Handballshorts ohne Innenslip aus Minimesh<BR />- Verstellbarer, elastischer Taillenbund mit Kordel<BR />- Diagonaler Streifen aus Glanzsatin vorne<BR />- Kempa Druck<BR /><BR /><BR />Material:<BR />100% Polyester;100% Polyester;;schwarz;;;;1499ct;http://78.35.40.76:1337/produktbilder_kempa/200319801_dv.jpg;http://78.35.40.76:1337/produktbilder_kempa/200319801_fv.jpg;http://78.35.40.76:1337/produktbilder_kempa/200319801_rv.jpg;http://78.35.40.76:1337/produktbilder_kempa/200319801_sv.jpg;http://78.35.40.76:1337/produktbilder_kempa/200319801_svleft.jpg;http://78.35.40.76:1337/produktbilder_kempa/;
Shorts;200319801;;;;;XXL;;4051309319399;de-DE;Kempa Kempa GOLD Shorts, schwarz, XXL, 200319801;Kempa;- Handballshorts ohne Innenslip aus Minimesh<BR />- Verstellbarer, elastischer Taillenbund mit Kordel<BR />- Diagonaler Streifen aus Glanzsatin vorne<BR />- Kempa Druck<BR /><BR /><BR />Material:<BR />100% Polyester;100% Polyester;;schwarz;;;;1499ct;http://78.35.40.76:1337/produktbilder_kempa/200319801_dv.jpg;http://78.35.40.76:1337/produktbilder_kempa/200319801_fv.jpg;http://78.35.40.76:1337/produktbilder_kempa/200319801_rv.jpg;http://78.35.40.76:1337/produktbilder_kempa/200319801_sv.jpg;http://78.35.40.76:1337/produktbilder_kempa/200319801_svleft.jpg;http://78.35.40.76:1337/produktbilder_kempa/;
Shorts;200319801;;;;;XXXL;;4051309319429;de-DE;Kempa Kempa GOLD Shorts, schwarz, XXXL, 200319801;Kempa;- Handballshorts ohne Innenslip aus Minimesh<BR />- Verstellbarer, elastischer Taillenbund mit Kordel<BR />- Diagonaler Streifen aus Glanzsatin vorne<BR />- Kempa Druck<BR /><BR /><BR />Material:<BR />100% Polyester;100% Polyester;;schwarz;;;;1499ct;http://78.35.40.76:1337/produktbilder_kempa/200319801_dv.jpg;http://78.35.40.76:1337/produktbilder_kempa/200319801_fv.jpg;http://78.35.40.76:1337/produktbilder_kempa/200319801_rv.jpg;http://78.35.40.76:1337/produktbilder_kempa/200319801_sv.jpg;http://78.35.40.76:1337/produktbilder_kempa/200319801_svleft.jpg;http://78.35.40.76:1337/produktbilder_kempa/;
Trinkflaschen;200120902;;;;;;;4051309331469;de-DE;Kempa WASSERFLASCHE 750 ml, transparent, 200120902;Kempa;Volumen: 750 ml;;750ml;transparent;;;;399ct;http://78.35.40.76:1337/produktbilder_kempa/200120902_fv.jpg;;;;;;
Flaschenhalter;200121002;;;;;;;4051309331476;de-DE;Kempa TRINKFLASCHENHALTER FÜR 12 FLASCHEN, schwarz, 200121002;Kempa;Hartschalen-Flaschenträger geeignet für 12 Wasserflaschen;;;schwarz;;;;1999ct;http://78.35.40.76:1337/produktbilder_kempa/200121002_fv.jpg;;;;;;
Sonstiges;200158302;;;;;;;4051309343530;de-DE;Kempa KEMPA HANDBALLWAX 200 ml, , 200158302;Kempa;- Kempa Handball Wax gibt Handbällen optimalen Grip<BR />- Außer Reichweite von Kindern aufbewahren<BR />- 200 ml<BR /><BR />Material:<BR />70% Harz, 29,4% pflanzliche Öle,0,6% ätherische Öle<BR />;;200ml;;;;;1999ct;http://78.35.40.76:1337/produktbilder_kempa/200158302_fv.jpg;;;;;;
Sonstiges;200158402;;;;;;;4051309343554;de-DE;Kempa KEMPA HANDBALLWAX  500 ml, , 200158402;Kempa;- Kempa Handball Wax gibt Handbällen optimalen Grip<BR />- Außer Reichweite von Kindern aufbewahren<BR />- 500 ml<BR /><BR />Material:<BR />70% Harz, 29,4% pflanzliche Öle,0,6% ätherische Öle<BR />;;500ml;;;;;4999ct;http://78.35.40.76:1337/produktbilder_kempa/200158402_fv.jpg;;;;;;
Sonstiges;200158502;;;;;;;4051309343547;de-DE;Kempa KEMPA HANDBALLWAXENTFERNER, , 200158502;Kempa;- Für die optimale Entfernung des Waxes Kempa-Waxentferner verwenden<BR />- Außer Reichweite von Kindern aufbewahren<BR />- 500 ml<BR /><BR />Material:<BR />45% Aqua, 20% Alkane, 13% PEG-40 Kastoröl, 20% Pflanzliches Öl, 1% ätherisches Öl, 1% Phenoxyethan;;500ml;;;;;1499ct;http://78.35.40.76:1337/produktbilder_kempa/200158502_fv.jpg;;;;;;
Handbälle;200182302;;2;;;;;4051309314349;de-DE;Kempa TRAINING 600, gelb, 2, 200182302;Kempa;- Gewichtsball (600 gr) aus PU-Material<BR />- Gute Griffigkeit, langer Halt;;;gelb;;;;2999ct;http://78.35.40.76:1337/produktbilder_kempa/200182302_fv.jpg;;;;;;
Handbälle;200182402;;3;;;;;4051309314356;de-DE;Kempa TRAINING 800, gelb, 3, 200182402;Kempa;- Gewichtsball (800 gr) aus PU-Material<BR />- Gute Griffigkeit, langer Halt;;;gelb;;;;2999ct;http://78.35.40.76:1337/produktbilder_kempa/200182402_fv.jpg;;;;;;
Handbälle;200186202;;0;;;;;4051309354734;de-DE;Kempa SPECTRUM TRAINING PROFILE, rot, kempablau, weiß, 0, 200186202;Kempa;- Neu entwickelter Trainings- und Wettkampfball<BR />- Die innovative 30-Panel-Konstruktion sorgt für ausgeglichene Panel- Größen und sehr gute Griffigkeit<BR />- Reduzierte Designdrucke für verbesserte Gripeigenschaften<BR />- Sehr guter Rücksprung und w;;;rot;kempablau;weiß;;2999ct;http://78.35.40.76:1337/produktbilder_kempa/200186202_fv.jpg;;;;;;
Handbälle;200186303;;0;;;;;4051309331186;de-DE;Kempa ACCEDO BASIC PROFILE, kempablau, fl. gelb, marine, 0, 200186303;Kempa;- Trainingsball mit gutem Spiel- und Flugverhalten<BR />- Sehr guter Grip dank neu entwickeltem PU-Material<BR />- Spezielle Schaum-Kaschierung für ein weiches und kompaktes Ballgefühl;;;kempablau;fl. gelb;marine;;1999ct;http://78.35.40.76:1337/produktbilder_kempa/200186303_fv.jpg;;;;;;
Handbälle;200186303;;1;;;;;4051309331193;de-DE;Kempa ACCEDO BASIC PROFILE, kempablau, fl. gelb, marine, 1, 200186303;Kempa;- Trainingsball mit gutem Spiel- und Flugverhalten<BR />- Sehr guter Grip dank neu entwickeltem PU-Material<BR />- Spezielle Schaum-Kaschierung für ein weiches und kompaktes Ballgefühl;;;kempablau;fl. gelb;marine;;1999ct;http://78.35.40.76:1337/produktbilder_kempa/200186303_fv.jpg;;;;;;
Handbälle;200186303;;2;;;;;4051309331209;de-DE;Kempa ACCEDO BASIC PROFILE, kempablau, fl. gelb, marine, 2, 200186303;Kempa;- Trainingsball mit gutem Spiel- und Flugverhalten<BR />- Sehr guter Grip dank neu entwickeltem PU-Material<BR />- Spezielle Schaum-Kaschierung für ein weiches und kompaktes Ballgefühl;;;kempablau;fl. gelb;marine;;1999ct;http://78.35.40.76:1337/produktbilder_kempa/200186303_fv.jpg;;;;;;
Handbälle;200186303;;3;;;;;4051309331216;de-DE;Kempa ACCEDO BASIC PROFILE, kempablau, fl. gelb, marine, 3, 200186303;Kempa;- Trainingsball mit gutem Spiel- und Flugverhalten<BR />- Sehr guter Grip dank neu entwickeltem PU-Material<BR />- Spezielle Schaum-Kaschierung für ein weiches und kompaktes Ballgefühl;;;kempablau;fl. gelb;marine;;1999ct;http://78.35.40.76:1337/produktbilder_kempa/200186303_fv.jpg;;;;;;
Handbälle;200186304;;0;;;;;4051309331230;de-DE;Kempa ACCEDO BASIC PROFILE, fluo gelb, violett, rot, 0, 200186304;Kempa;- Trainingsball mit gutem Spiel- und Flugverhalten<BR />- Sehr guter Grip dank neu entwickeltem PU-Material<BR />- Spezielle Schaum-Kaschierung für ein weiches und kompaktes Ballgefühl;;;fluo gelb;violett;rot;;1999ct;http://78.35.40.76:1337/produktbilder_kempa/200186304_fv.jpg;;;;;;
Handbälle;200186304;;0;;;;;4051309331223;de-DE;Kempa ACCEDO BASIC PROFILE, fluo gelb, violett, rot, 0, 200186304;Kempa;- Trainingsball mit gutem Spiel- und Flugverhalten<BR />- Sehr guter Grip dank neu entwickeltem PU-Material<BR />- Spezielle Schaum-Kaschierung für ein weiches und kompaktes Ballgefühl;;;fluo gelb;violett;rot;;1999ct;http://78.35.40.76:1337/produktbilder_kempa/200186304_fv.jpg;;;;;;
Handbälle;200186304;;1;;;;;4051309331247;de-DE;Kempa ACCEDO BASIC PROFILE, fluo gelb, violett, rot, 1, 200186304;Kempa;- Trainingsball mit gutem Spiel- und Flugverhalten<BR />- Sehr guter Grip dank neu entwickeltem PU-Material<BR />- Spezielle Schaum-Kaschierung für ein weiches und kompaktes Ballgefühl;;;fluo gelb;violett;rot;;1999ct;http://78.35.40.76:1337/produktbilder_kempa/200186304_fv.jpg;;;;;;
Handbälle;200186304;;2;;;;;4051309331254;de-DE;Kempa ACCEDO BASIC PROFILE, fluo gelb, violett, rot, 2, 200186304;Kempa;- Trainingsball mit gutem Spiel- und Flugverhalten<BR />- Sehr guter Grip dank neu entwickeltem PU-Material<BR />- Spezielle Schaum-Kaschierung für ein weiches und kompaktes Ballgefühl;;;fluo gelb;violett;rot;;1999ct;http://78.35.40.76:1337/produktbilder_kempa/200186304_fv.jpg;;;;;;
Handbälle;200186305;;1;;;;;4051309331278;de-DE;Kempa ACCEDO BASIC PROFILE, rot, schwarz, weiß, 1, 200186305;Kempa;- Trainingsball mit gutem Spiel- und Flugverhalten<BR />- Sehr guter Grip dank neu entwickeltem PU-Material<BR />- Spezielle Schaum-Kaschierung für ein weiches und kompaktes Ballgefühl;;;rot;schwarz;weiß;;1999ct;http://78.35.40.76:1337/produktbilder_kempa/200186305_fv.jpg;;;;;;
Handbälle;200186305;;2;;;;;4051309331285;de-DE;Kempa ACCEDO BASIC PROFILE, rot, schwarz, weiß, 2, 200186305;Kempa;- Trainingsball mit gutem Spiel- und Flugverhalten<BR />- Sehr guter Grip dank neu entwickeltem PU-Material<BR />- Spezielle Schaum-Kaschierung für ein weiches und kompaktes Ballgefühl;;;rot;schwarz;weiß;;1999ct;http://78.35.40.76:1337/produktbilder_kempa/200186305_fv.jpg;;;;;;
Handbälle;200186305;;3;;;;;4051309331292;de-DE;Kempa ACCEDO BASIC PROFILE, rot, schwarz, weiß, 3, 200186305;Kempa;- Trainingsball mit gutem Spiel- und Flugverhalten<BR />- Sehr guter Grip dank neu entwickeltem PU-Material<BR />- Spezielle Schaum-Kaschierung für ein weiches und kompaktes Ballgefühl;;;rot;schwarz;weiß;;1999ct;http://78.35.40.76:1337/produktbilder_kempa/200186305_fv.jpg;;;;;;
Handbälle;200186501;;1;;;;;4051309331087;de-DE;Kempa MATCH-X OMNI PROFILE, royal, fluo grün, fluo gelb, 1, 200186501;Kempa;- Matchball mit zusätzlicher Schaumlaminierung<BR />- Hervorragende Griffigkeit dank eines innovativen PU-Obermaterials mit elastischer, weicher Oberfläche<BR />- Sehr guter Rücksprung und weicher Griff dank zusätzlicher Schaumschicht<BR />- Die spezielle;;;royal;fluo grün;fluo gelb;;3999ct;http://78.35.40.76:1337/produktbilder_kempa/200186501_fv.jpg;;;;;;
Handbälle;200186601;;0;;;;;4051309331117;de-DE;Kempa PRO-X TRAINING PROFILE, fluo gelb, schwarz, rot, 0, 200186601;Kempa;- Ausgezeichneter Trainings- und Wettkampfball<BR />- Sehr gute Griffigkeit dank eines innovativen PU-Obermaterials mit elastischer, weicher Oberfläche<BR />- Hervorragender Grip dank zusätzlicher Schaumschicht<BR />- ;;;fluo gelb;schwarz;rot;;2999ct;http://78.35.40.76:1337/produktbilder_kempa/200186601_fv.jpg;;;;;;
Handbälle;200186601;;1;;;;;4051309331124;de-DE;Kempa PRO-X TRAINING PROFILE, fluo gelb, schwarz, rot, 1, 200186601;Kempa;- Ausgezeichneter Trainings- und Wettkampfball<BR />- Sehr gute Griffigkeit dank eines innovativen PU-Obermaterials mit elastischer, weicher Oberfläche<BR />- Hervorragender Grip dank zusätzlicher Schaumschicht<BR />- ;;;fluo gelb;schwarz;rot;;2999ct;http://78.35.40.76:1337/produktbilder_kempa/200186601_fv.jpg;;;;;;
Handbälle;200186601;;2;;;;;4051309331131;de-DE;Kempa PRO-X TRAINING PROFILE, fluo gelb, schwarz, rot, 2, 200186601;Kempa;- Ausgezeichneter Trainings- und Wettkampfball<BR />- Sehr gute Griffigkeit dank eines innovativen PU-Obermaterials mit elastischer, weicher Oberfläche<BR />- Hervorragender Grip dank zusätzlicher Schaumschicht<BR />- ;;;fluo gelb;schwarz;rot;;2999ct;http://78.35.40.76:1337/produktbilder_kempa/200186601_fv.jpg;;;;;;
Handbälle;200186601;;3;;;;;4051309331148;de-DE;Kempa PRO-X TRAINING PROFILE, fluo gelb, schwarz, rot, 3, 200186601;Kempa;Ausgezeichneter Trainings- und Wettkampfball<BR />- Sehr gute Griffigkeit dank eines innovativen PU-Obermaterials mit elastischer, weicher Oberfläche<BR />- Hervorragender Grip dank zusätzlicher Schaumschicht<BR />;;;fluo gelb;schwarz;rot;;2999ct;http://78.35.40.76:1337/produktbilder_kempa/200186601_fv.jpg;;;;;;
Sonstige Taschen;200187101;;;;;;;4051309331452;de-DE;Kempa MEDICAL BAG, schwarz, 200187101;Kempa;- Medizintasche mit einem Hauptfach und zweizusätzlichen Innenfächern<BR />- Zur Aufbewahrung der gesamten medizinischen Ausrüstung<BR />- Zusätzliche Außentaschen für Wasserflaschen<BR />- Tragegriff<BR />- 35 x 20 x 27cm, 20ltr.;;;schwarz;;;;2999ct;http://78.35.40.76:1337/produktbilder_kempa/200187101_fv.jpg;;;;;;
T-Shirts;200215102;;;XXS;;;;4051309327080;de-DE;Kempa CORE T-Shirt, kempa blau, XXS, 200215102;Kempa;- Baumwoll-T-Shirt mit Rundhalsausschnitt<BR />- Kontrastfarbenes fluo gelbes Kragenband innen<BR />- Großer Kempa CORE Druck<BR />- Diagonaler fluo gelber Streifen auf der Rückseite<BR />- Kempa CI Label auf dem Ärmel<BR /><BR /><BR />Material:<BR />90%;90% Baumwolle, 10% Viskose;;kempa blau;;;;1499ct;http://78.35.40.76:1337/produktbilder_kempa/200215102_fv.jpg;;;;;;
T-Shirts;200215102;;;XXS;XS;;;4051309327097;de-DE;Kempa CORE T-Shirt, kempa blau, XXS- XS, 200215102;Kempa;- Baumwoll-T-Shirt mit Rundhalsausschnitt<BR />- Kontrastfarbenes fluo gelbes Kragenband innen<BR />- Großer Kempa CORE Druck<BR />- Diagonaler fluo gelber Streifen auf der Rückseite<BR />- Kempa CI Label auf dem Ärmel<BR /><BR /><BR />Material:<BR />90%;90% Baumwolle, 10% Viskose;;kempa blau;;;;1499ct;http://78.35.40.76:1337/produktbilder_kempa/200215102_fv.jpg;;;;;;
T-Shirts;200215102;;;XS;;;;4051309327066;de-DE;Kempa CORE T-Shirt, kempa blau, XS, 200215102;Kempa;- Baumwoll-T-Shirt mit Rundhalsausschnitt<BR />- Kontrastfarbenes fluo gelbes Kragenband innen<BR />- Großer Kempa CORE Druck<BR />- Diagonaler fluo gelber Streifen auf der Rückseite<BR />- Kempa CI Label auf dem Ärmel<BR /><BR /><BR />Material:<BR />90%;90% Baumwolle, 10% Viskose;;kempa blau;;;;1499ct;http://78.35.40.76:1337/produktbilder_kempa/200215102_fv.jpg;;;;;;
T-Shirts;200215102;;;S;;;;4051309327042;de-DE;Kempa CORE T-Shirt, kempa blau, S, 200215102;Kempa;- Baumwoll-T-Shirt mit Rundhalsausschnitt<BR />- Kontrastfarbenes fluo gelbes Kragenband innen<BR />- Großer Kempa CORE Druck<BR />- Diagonaler fluo gelber Streifen auf der Rückseite<BR />- Kempa CI Label auf dem Ärmel<BR /><BR /><BR />Material:<BR />90%;90% Baumwolle, 10% Viskose;;kempa blau;;;;1499ct;http://78.35.40.76:1337/produktbilder_kempa/200215102_fv.jpg;;;;;;
T-Shirts;200215102;;;M;;;;4051309327035;de-DE;Kempa CORE T-Shirt, kempa blau, M, 200215102;Kempa;- Baumwoll-T-Shirt mit Rundhalsausschnitt<BR />- Kontrastfarbenes fluo gelbes Kragenband innen<BR />- Großer Kempa CORE Druck<BR />- Diagonaler fluo gelber Streifen auf der Rückseite<BR />- Kempa CI Label auf dem Ärmel<BR /><BR /><BR />Material:<BR />90%;90% Baumwolle, 10% Viskose;;kempa blau;;;;1799ct;http://78.35.40.76:1337/produktbilder_kempa/200215102_fv.jpg;;;;;;
T-Shirts;200215102;;;L;;;;4051309327028;de-DE;Kempa CORE T-Shirt, kempa blau, L, 200215102;Kempa;- Baumwoll-T-Shirt mit Rundhalsausschnitt<BR />- Kontrastfarbenes fluo gelbes Kragenband innen<BR />- Großer Kempa CORE Druck<BR />- Diagonaler fluo gelber Streifen auf der Rückseite<BR />- Kempa CI Label auf dem Ärmel<BR /><BR /><BR />Material:<BR />90%;90% Baumwolle, 10% Viskose;;kempa blau;;;;1799ct;http://78.35.40.76:1337/produktbilder_kempa/200215102_fv.jpg;;;;;;
T-Shirts;200215102;;;XL;;;;4051309327059;de-DE;Kempa CORE T-Shirt, kempa blau, XL, 200215102;Kempa;- Baumwoll-T-Shirt mit Rundhalsausschnitt<BR />- Kontrastfarbenes fluo gelbes Kragenband innen<BR />- Großer Kempa CORE Druck<BR />- Diagonaler fluo gelber Streifen auf der Rückseite<BR />- Kempa CI Label auf dem Ärmel<BR /><BR /><BR />Material:<BR />90%;90% Baumwolle, 10% Viskose;;kempa blau;;;;1799ct;http://78.35.40.76:1337/produktbilder_kempa/200215102_fv.jpg;;;;;;
T-Shirts;200215102;;;XXL;;;;4051309327073;de-DE;Kempa CORE T-Shirt, kempa blau, XXL, 200215102;Kempa;- Baumwoll-T-Shirt mit Rundhalsausschnitt<BR />- Kontrastfarbenes fluo gelbes Kragenband innen<BR />- Großer Kempa CORE Druck<BR />- Diagonaler fluo gelber Streifen auf der Rückseite<BR />- Kempa CI Label auf dem Ärmel<BR /><BR /><BR />Material:<BR />90%;90% Baumwolle, 10% Viskose;;kempa blau;;;;1799ct;http://78.35.40.76:1337/produktbilder_kempa/200215102_fv.jpg;;;;;;
T-Shirts;200215102;;;XXXL;;;;4051309327103;de-DE;Kempa CORE T-Shirt, kempa blau, XXXL, 200215102;Kempa;- Baumwoll-T-Shirt mit Rundhalsausschnitt<BR />- Kontrastfarbenes fluo gelbes Kragenband innen<BR />- Großer Kempa CORE Druck<BR />- Diagonaler fluo gelber Streifen auf der Rückseite<BR />- Kempa CI Label auf dem Ärmel<BR /><BR /><BR />Material:<BR />90%;90% Baumwolle, 10% Viskose;;kempa blau;;;;1799ct;http://78.35.40.76:1337/produktbilder_kempa/200215102_fv.jpg;;;;;;
T-Shirts;200215103;;;XXS;;;;4051309327172;de-DE;Kempa CORE T-Shirt, hope grün, XXS, 200215103;Kempa;- Baumwoll-T-Shirt mit Rundhalsausschnitt<BR />- Kontrastfarbenes fluo gelbes Kragenband innen<BR />- Großer Kempa CORE Druck<BR />- Diagonaler fluo gelber Streifen auf der Rückseite<BR />- Kempa CI Label auf dem Ärmel<BR /><BR /><BR />Material:<BR />90%;90% Baumwolle, 10% Viskose;;hope grün;;;;1499ct;http://78.35.40.76:1337/produktbilder_kempa/200215103_fv.jpg;;;;;;
T-Shirts;200215103;;;XXS;XS;;;4051309327189;de-DE;Kempa CORE T-Shirt, hope grün, XXS- XS, 200215103;Kempa;- Baumwoll-T-Shirt mit Rundhalsausschnitt<BR />- Kontrastfarbenes fluo gelbes Kragenband innen<BR />- Großer Kempa CORE Druck<BR />- Diagonaler fluo gelber Streifen auf der Rückseite<BR />- Kempa CI Label auf dem Ärmel<BR /><BR /><BR />Material:<BR />90%;90% Baumwolle, 10% Viskose;;hope grün;;;;1499ct;http://78.35.40.76:1337/produktbilder_kempa/200215103_fv.jpg;;;;;;
T-Shirts;200215103;;;XS;;;;4051309327158;de-DE;Kempa CORE T-Shirt, hope grün, XS, 200215103;Kempa;- Baumwoll-T-Shirt mit Rundhalsausschnitt<BR />- Kontrastfarbenes fluo gelbes Kragenband innen<BR />- Großer Kempa CORE Druck<BR />- Diagonaler fluo gelber Streifen auf der Rückseite<BR />- Kempa CI Label auf dem Ärmel<BR /><BR /><BR />Material:<BR />90%;90% Baumwolle, 10% Viskose;;hope grün;;;;1499ct;http://78.35.40.76:1337/produktbilder_kempa/200215103_fv.jpg;;;;;;
T-Shirts;200215103;;;S;;;;4051309327134;de-DE;Kempa CORE T-Shirt, hope grün, S, 200215103;Kempa;- Baumwoll-T-Shirt mit Rundhalsausschnitt<BR />- Kontrastfarbenes fluo gelbes Kragenband innen<BR />- Großer Kempa CORE Druck<BR />- Diagonaler fluo gelber Streifen auf der Rückseite<BR />- Kempa CI Label auf dem Ärmel<BR /><BR /><BR />Material:<BR />90%;90% Baumwolle, 10% Viskose;;hope grün;;;;1499ct;http://78.35.40.76:1337/produktbilder_kempa/200215103_fv.jpg;;;;;;
T-Shirts;200215103;;;M;;;;4051309327127;de-DE;Kempa CORE T-Shirt, hope grün, M, 200215103;Kempa;- Baumwoll-T-Shirt mit Rundhalsausschnitt<BR />- Kontrastfarbenes fluo gelbes Kragenband innen<BR />- Großer Kempa CORE Druck<BR />- Diagonaler fluo gelber Streifen auf der Rückseite<BR />- Kempa CI Label auf dem Ärmel<BR /><BR /><BR />Material:<BR />90%;90% Baumwolle, 10% Viskose;;hope grün;;;;1799ct;http://78.35.40.76:1337/produktbilder_kempa/200215103_fv.jpg;;;;;;
T-Shirts;200215103;;;L;;;;4051309327110;de-DE;Kempa CORE T-Shirt, hope grün, L, 200215103;Kempa;- Baumwoll-T-Shirt mit Rundhalsausschnitt<BR />- Kontrastfarbenes fluo gelbes Kragenband innen<BR />- Großer Kempa CORE Druck<BR />- Diagonaler fluo gelber Streifen auf der Rückseite<BR />- Kempa CI Label auf dem Ärmel<BR /><BR /><BR />Material:<BR />90%;90% Baumwolle, 10% Viskose;;hope grün;;;;1799ct;http://78.35.40.76:1337/produktbilder_kempa/200215103_fv.jpg;;;;;;
T-Shirts;200215103;;;XL;;;;4051309327141;de-DE;Kempa CORE T-Shirt, hope grün, XL, 200215103;Kempa;- Baumwoll-T-Shirt mit Rundhalsausschnitt<BR />- Kontrastfarbenes fluo gelbes Kragenband innen<BR />- Großer Kempa CORE Druck<BR />- Diagonaler fluo gelber Streifen auf der Rückseite<BR />- Kempa CI Label auf dem Ärmel<BR /><BR /><BR />Material:<BR />90%;90% Baumwolle, 10% Viskose;;hope grün;;;;1799ct;http://78.35.40.76:1337/produktbilder_kempa/200215103_fv.jpg;;;;;;
T-Shirts;200215103;;;XXL;;;;4051309327165;de-DE;Kempa CORE T-Shirt, hope grün, XXL, 200215103;Kempa;- Baumwoll-T-Shirt mit Rundhalsausschnitt<BR />- Kontrastfarbenes fluo gelbes Kragenband innen<BR />- Großer Kempa CORE Druck<BR />- Diagonaler fluo gelber Streifen auf der Rückseite<BR />- Kempa CI Label auf dem Ärmel<BR /><BR /><BR />Material:<BR />90%;90% Baumwolle, 10% Viskose;;hope grün;;;;1799ct;http://78.35.40.76:1337/produktbilder_kempa/200215103_fv.jpg;;;;;;
T-Shirts;200215103;;;XXXL;;;;4051309327196;de-DE;Kempa CORE T-Shirt, hope grün, XXXL, 200215103;Kempa;- Baumwoll-T-Shirt mit Rundhalsausschnitt<BR />- Kontrastfarbenes fluo gelbes Kragenband innen<BR />- Großer Kempa CORE Druck<BR />- Diagonaler fluo gelber Streifen auf der Rückseite<BR />- Kempa CI Label auf dem Ärmel<BR /><BR /><BR />Material:<BR />90%;90% Baumwolle, 10% Viskose;;hope grün;;;;1799ct;http://78.35.40.76:1337/produktbilder_kempa/200215103_fv.jpg;;;;;;
T-Shirts;200215104;;;XXS;;;;4051309327264;de-DE;Kempa CORE T-Shirt, rot, XXS, 200215104;Kempa;- Baumwoll-T-Shirt mit Rundhalsausschnitt<BR />- Kontrastfarbenes fluo gelbes Kragenband innen<BR />- Großer Kempa CORE Druck<BR />- Diagonaler fluo gelber Streifen auf der Rückseite<BR />- Kempa CI Label auf dem Ärmel<BR /><BR /><BR />Material:<BR />90%;90% Baumwolle, 10% Viskose;;rot;;;;1499ct;http://78.35.40.76:1337/produktbilder_kempa/200215104_fv.jpg;;;;;;
T-Shirts;200215104;;;XXS;XS;;;4051309327271;de-DE;Kempa CORE T-Shirt, rot, XXS- XS, 200215104;Kempa;- Baumwoll-T-Shirt mit Rundhalsausschnitt<BR />- Kontrastfarbenes fluo gelbes Kragenband innen<BR />- Großer Kempa CORE Druck<BR />- Diagonaler fluo gelber Streifen auf der Rückseite<BR />- Kempa CI Label auf dem Ärmel<BR /><BR /><BR />Material:<BR />90%;90% Baumwolle, 10% Viskose;;rot;;;;1499ct;http://78.35.40.76:1337/produktbilder_kempa/200215104_fv.jpg;;;;;;
T-Shirts;200215104;;;XS;;;;4051309327240;de-DE;Kempa CORE T-Shirt, rot, XS, 200215104;Kempa;- Baumwoll-T-Shirt mit Rundhalsausschnitt<BR />- Kontrastfarbenes fluo gelbes Kragenband innen<BR />- Großer Kempa CORE Druck<BR />- Diagonaler fluo gelber Streifen auf der Rückseite<BR />- Kempa CI Label auf dem Ärmel<BR /><BR /><BR />Material:<BR />90%;90% Baumwolle, 10% Viskose;;rot;;;;1499ct;http://78.35.40.76:1337/produktbilder_kempa/200215104_fv.jpg;;;;;;
T-Shirts;200215104;;;S;;;;4051309327226;de-DE;Kempa CORE T-Shirt, rot, S, 200215104;Kempa;- Baumwoll-T-Shirt mit Rundhalsausschnitt<BR />- Kontrastfarbenes fluo gelbes Kragenband innen<BR />- Großer Kempa CORE Druck<BR />- Diagonaler fluo gelber Streifen auf der Rückseite<BR />- Kempa CI Label auf dem Ärmel<BR /><BR /><BR />Material:<BR />90%;90% Baumwolle, 10% Viskose;;rot;;;;1499ct;http://78.35.40.76:1337/produktbilder_kempa/200215104_fv.jpg;;;;;;
T-Shirts;200215104;;;M;;;;4051309327219;de-DE;Kempa CORE T-Shirt, rot, M, 200215104;Kempa;- Baumwoll-T-Shirt mit Rundhalsausschnitt<BR />- Kontrastfarbenes fluo gelbes Kragenband innen<BR />- Großer Kempa CORE Druck<BR />- Diagonaler fluo gelber Streifen auf der Rückseite<BR />- Kempa CI Label auf dem Ärmel<BR /><BR /><BR />Material:<BR />90%;90% Baumwolle, 10% Viskose;;rot;;;;1799ct;http://78.35.40.76:1337/produktbilder_kempa/200215104_fv.jpg;;;;;;
T-Shirts;200215104;;;L;;;;4051309327202;de-DE;Kempa CORE T-Shirt, rot, L, 200215104;Kempa;- Baumwoll-T-Shirt mit Rundhalsausschnitt<BR />- Kontrastfarbenes fluo gelbes Kragenband innen<BR />- Großer Kempa CORE Druck<BR />- Diagonaler fluo gelber Streifen auf der Rückseite<BR />- Kempa CI Label auf dem Ärmel<BR /><BR /><BR />Material:<BR />90%;90% Baumwolle, 10% Viskose;;rot;;;;1799ct;http://78.35.40.76:1337/produktbilder_kempa/200215104_fv.jpg;;;;;;
T-Shirts;200215104;;;XL;;;;4051309327233;de-DE;Kempa CORE T-Shirt, rot, XL, 200215104;Kempa;- Baumwoll-T-Shirt mit Rundhalsausschnitt<BR />- Kontrastfarbenes fluo gelbes Kragenband innen<BR />- Großer Kempa CORE Druck<BR />- Diagonaler fluo gelber Streifen auf der Rückseite<BR />- Kempa CI Label auf dem Ärmel<BR /><BR /><BR />Material:<BR />90%;90% Baumwolle, 10% Viskose;;rot;;;;1799ct;http://78.35.40.76:1337/produktbilder_kempa/200215104_fv.jpg;;;;;;
T-Shirts;200215104;;;XXL;;;;4051309327257;de-DE;Kempa CORE T-Shirt, rot, XXL, 200215104;Kempa;- Baumwoll-T-Shirt mit Rundhalsausschnitt<BR />- Kontrastfarbenes fluo gelbes Kragenband innen<BR />- Großer Kempa CORE Druck<BR />- Diagonaler fluo gelber Streifen auf der Rückseite<BR />- Kempa CI Label auf dem Ärmel<BR /><BR /><BR />Material:<BR />90%;90% Baumwolle, 10% Viskose;;rot;;;;1799ct;http://78.35.40.76:1337/produktbilder_kempa/200215104_fv.jpg;;;;;;
